RANK;SNPID;A1A2;OR;P;UCSC;HG19CHRC;CHR;BP;ONE1;ONE2;SIX1;SIX2;SE;FRQ_A_44194;FRQ_U_110741;INFO;NGT;R0;R1;R2
1;chr5_103903810_D;I2/D;1.069;3.84E-8;ucsc;chr5;5;103903810;103671810;104091810;103742810;104081810;0.012;0.373;0.359;0.975;0;chr5;103742810;104081810
2;rs1950829;A/G;1.0489999999999997;4.52E-8;ucsc;chr14;14;42097937;41940937;42441937;41969937;42183037;0.009;0.556;0.513;1.0;14;chr14;41969937;42183037
3;rs184040100;A/G;0.8100000000000002;6.579999999999998E-8;ucsc;chr6;6;26940866;26874866;28820866;26940866;26940866;0.039;0.975;0.975;0.483;0;chr6;26940866;26940866
4;rs2728806;T/C;1.095;7.299999999999998E-8;ucsc;chr12;12;17689304;17572304;18180304;17682464;17775004;0.017;0.9310000000000002;0.934;0.9939999999999999;8;chr12;17682464;17775004
5;chr4_42084256_D;I2/D;0.929;9.99E-8;ucsc;chr4;4;42084256;41882256;42153256;41892256;42135056;0.014000000000000002;0.25099999999999995;0.262;0.93;0;chr4;41892256;42135056
6;chr18_52420903_D;D/I3;0.922;1.1700000000000002E-7;ucsc;chr18;18;52420903;52018903;52543903;52018903;52487103;0.015;0.171;0.183;0.999;0;chr18;52018903;52487103
7;rs6871562;A/G;0.8960000000000001;1.2300000000000003E-7;ucsc;chr5;5;166851194;166851194;166853784;166851194;166853784;0.021;0.835;0.8439999999999999;0.596;0;chr5;166851194;166853784
8;chr15_62821292_I;I2/D;1.099;1.4800000000000003E-7;ucsc;chr15;15;62821292;62764892;62865192;62764892;62865192;0.018;0.123;0.11600000000000002;0.978;0;chr15;62764892;62865192
9;rs113596672;A/G;1.22;1.61E-7;ucsc;chr12;12;7936688;7936688;7951788;7936688;7942738;0.038;0.018700000000000005;0.011799999999999998;0.606;1;chr12;7936688;7942738
10;rs1409255;A/C;1.047;2.6699999999999994E-7;ucsc;chr13;13;59938758;59920958;59996258;59933428;59941128;0.009;0.649;0.609;0.993;12;chr13;59933428;59941128
11;rs12133935;A/C;1.046;3.65E-7;ucsc;chr1;1;73647800;73195800;74098800;73307800;73991800;0.009;0.44400000000000006;0.461;0.967;6;chr1;73307800;73991800
12;rs78784886;A/C;1.146;4.050000000000001E-7;ucsc;chr10;10;69583513;69562813;69842513;69562813;69676813;0.027;0.067;0.0323;0.868;1;chr10;69562813;69676813
13;rs117723312;C/G;0.8369999999999999;4.58E-7;ucsc;chr9;9;108904396;108776396;109115396;108904396;109115396;0.03500000000000001;0.9810000000000002;0.982;0.845;0;chr9;108904396;109115396
14;chr1_19161631_D;I2/D;1.0620000000000003;5.21E-7;ucsc;chr1;1;19161631;19147731;19175031;19157141;19164481;0.012;0.553;0.54;0.96;0;chr1;19157141;19164481
15;rs11867416;A/T;0.9269999999999998;5.46E-7;ucsc;chr17;17;60207668;59992668;60291168;60193568;60225668;0.015;0.104;0.108;0.922;0;chr17;60193568;60225668
16;rs117079743;A/C;1.672;5.51E-7;ucsc;chr20;20;59355227;59233227;59355227;59233227;59355227;0.103;0.0071;0.00544;0.665;0;chr20;59233227;59355227
17;rs510415;T/G;0.9549999999999998;6.330000000000001E-7;ucsc;chr18;18;60547061;60547061;60547061;60547061;60547061;0.009;0.4600000000000001;0.466;0.934;24;chr18;60547061;60547061
18;chr4_106306608_I;I2/D;1.35;6.58E-7;ucsc;chr4;4;106306608;106306608;106338708;106306608;106306608;0.06;0.0134;0.011799999999999998;0.73;0;chr4;106306608;106306608
19;rs10850836;T/C;1.044;6.950000000000001E-7;ucsc;chr12;12;110277387;110267857;111261387;110277300;110308587;0.009;0.432;0.442;0.98;3;chr12;110277300;110308587
20;rs8095416;A/G;1.043;7.960000000000002E-7;ucsc;chr18;18;36687675;36505675;36926675;36669275;36773375;0.009;0.437;0.446;0.999;1;chr18;36669275;36773375
21;rs1926032;T/C;0.9310000000000002;9.000000000000002E-7;ucsc;chr10;10;104829469;104591469;104960469;104591469;104960469;0.015;0.10600000000000002;0.097;0.933;3;chr10;104591469;104960469
22;rs192828608;G/A;1.982;1.0E-6;ucsc;chr8;8;59250418;59230418;59274918;59230418;59250418;0.14;0.004299999999999999;0.00339;0.799;0;chr8;59230418;59250418
23;rs13128748;A/G;1.0489999999999997;1.01E-6;ucsc;chr4;4;190305194;190270694;190324194;190305194;190317494;0.01;0.317;0.3;0.878;2;chr4;190305194;190317494
24;rs62339296;T/C;1.047;1.1900000000000003E-6;ucsc;chr5;5;10623745;10619955;10645845;10620055;10644745;0.01;0.316;0.285;0.9730000000000002;1;chr5;10620055;10644745
25;rs115020006;T/C;9.09;1.25E-6;ucsc;chr14;14;87365595;87365595;87365595;87365595;87365595;0.455;6.26E-4;6.26E-4;0.388;0;chr14;87365595;87365595
26;rs149535946;A/G;1.319;1.34E-6;ucsc;chr7;7;54500939;54090939;54519039;54495269;54519039;0.05700000000000001;0.0102;0.00928;0.632;0;chr7;54495269;54519039
27;rs75529213;T/C;9.006;1.34E-6;ucsc;chr14;14;87376173;87376173;87376173;87376173;87376173;0.455;6.26E-4;6.26E-4;0.388;0;chr14;87376173;87376173
28;rs28684628;A/T;0.958;1.38E-6;ucsc;chr14;14;73439505;73411505;73710505;73414605;73481305;0.009;0.382;0.386;0.965;1;chr14;73414605;73481305
29;rs187910585;G/T;0.492;1.41E-6;ucsc;chr6;6;139206799;139204849;139353799;139204849;139206799;0.147;0.00487;0.00489;0.891;0;chr6;139204849;139206799
30;chr10_58776388_I;I2/D;1.058;1.5E-6;ucsc;chr10;10;58776388;58532388;58802788;58564388;58802788;0.012;0.573;0.563;0.993;0;chr10;58564388;58802788
31;rs4141983;T/C;1.045;1.61E-6;ucsc;chr1;1;18122009;18109809;18150309;18122009;18131919;0.009;0.6560000000000001;0.6680000000000001;0.9869999999999999;19;chr1;18122009;18131919
32;chr3_98972436_I;I2/D;1.133;1.64E-6;ucsc;chr3;3;98972436;98873036;98972436;98972436;98972436;0.026;0.0593;0.0539;0.9210000000000002;0;chr3;98972436;98972436
33;rs7814468;A/G;0.9539999999999998;1.77E-6;ucsc;chr8;8;14184945;14172845;14287945;14176445;14284945;0.01;0.244;0.265;0.989;1;chr8;14176445;14284945
34;rs11647445;T/G;0.957;1.96E-6;ucsc;chr16;16;9926966;9844666;9953366;9875466;9953366;0.009;0.6760000000000002;0.658;0.992;4;chr16;9875466;9953366
35;rs111770525;A/G;1.144;1.9900000000000004E-6;ucsc;chr6;6;145397497;145390097;145516497;145390097;145516497;0.028000000000000004;0.0261;0.024699999999999996;0.989;0;chr6;145390097;145516497
36;rs4615049;A/G;1.045;2.2100000000000004E-6;ucsc;chr3;3;44293800;44222400;45124800;44226900;44451800;0.009;0.296;0.314;0.9980000000000001;1;chr3;44226900;44451800
37;rs7907501;T/C;1.975;2.2100000000000004E-6;ucsc;chr10;10;108781258;108781258;108781258;108781258;108781258;0.144;0.00209;0.00209;0.8689999999999999;0;chr10;108781258;108781258
38;rs60396677;A/G;1.105;2.33E-6;ucsc;chr12;12;50851821;50780721;51214821;50780721;51214821;0.021;0.9389999999999998;0.96;0.98;1;chr12;50780721;51214821
39;rs57561656;A/G;0.49399999999999994;2.36E-6;ucsc;chr17;17;30289363;30289212;30291003;30289212;30289363;0.15;0.9939999999999999;0.995;0.49800000000000005;0;chr17;30289212;30289363
40;rs55713588;G/A;1.254;2.45E-6;ucsc;chr5;5;9161674;9161674;9195274;9161674;9195274;0.048;0.0361;0.0142;0.586;1;chr5;9161674;9195274
41;rs16920667;T/C;0.924;2.55E-6;ucsc;chr10;10;20856539;20790639;20992539;20806439;20912939;0.017;0.908;0.911;0.87;0;chr10;20806439;20912939
42;rs80252880;T/C;1.107;2.58E-6;ucsc;chr6;6;99344117;99244917;99460117;99307417;99460117;0.021999999999999995;0.96;0.9539999999999998;0.968;3;chr6;99307417;99460117
43;rs2224135;A/G;1.086;2.61E-6;ucsc;chr21;21;23236900;23167600;23252300;23167600;23250300;0.018;0.0701;0.06730000000000001;0.9960000000000001;25;chr21;23167600;23250300
44;rs12413999;T/C;1.14;2.63E-6;ucsc;chr10;10;69820247;69820247;69820247;69820247;69820247;0.028000000000000004;0.05550000000000001;0.0289;0.6710000000000002;1;chr10;69820247;69820247
45;rs2060886;T/C;0.961;2.64E-6;ucsc;chr18;18;53167520;53099020;53475520;53131520;53168243;0.009;0.437;0.433;0.9939999999999999;19;chr18;53131520;53168243
46;rs55730016;T/C;1.048;2.6500000000000005E-6;ucsc;chr16;16;49495173;49412573;49495334;49493603;49495173;0.01;0.358;0.353;0.8469999999999999;1;chr16;49493603;49495173
47;chr14_89264108_D;I2/D;0.797;2.8E-6;ucsc;chr14;14;89264108;88820108;89424108;89112108;89278408;0.049;0.982;0.984;0.82;0;chr14;89112108;89278408
48;rs4142939;C/G;0.956;2.8500000000000002E-6;ucsc;chr18;18;52520149;52520149;52550649;52520149;52547049;0.01;0.279;0.271;0.976;1;chr18;52520149;52547049
49;rs187492112;A/G;4.369;2.99E-6;ucsc;chr1;1;77501887;77501887;77501887;77501887;77501887;0.316;0.00138;0.00138;0.294;0;chr1;77501887;77501887
50;rs12256607;G/A;1.9739999999999995;3.08E-6;ucsc;chr10;10;108779114;108779114;108779114;108779114;108779114;0.146;0.0019799999999999996;0.0019799999999999996;0.897;0;chr10;108779114;108779114
51;chr19_55190155_D;I5/D;0.9;3.25E-6;ucsc;chr19;19;55190155;55183025;55190155;55190155;55190155;0.023;0.9019999999999998;0.9060000000000001;0.774;0;chr19;55190155;55190155
52;rs12617171;T/C;0.951;3.32E-6;ucsc;chr2;2;28038799;27742799;28350799;27949099;28284799;0.010999999999999998;0.227;0.202;0.992;7;chr2;27949099;28284799
53;rs138075251;G/T;5.983;3.410000000000001E-6;ucsc;chr10;10;112683536;112683536;112683536;112683536;112683536;0.385;8.980000000000001E-4;8.980000000000001E-4;0.314;0;chr10;112683536;112683536
54;rs183353517;A/C;2.892;3.4399999999999993E-6;ucsc;chr9;9;100601085;100601085;100601085;100601085;100601085;0.229;0.00138;0.00138;0.4509999999999999;0;chr9;100601085;100601085
55;rs181323910;A/C;0.7389999999999999;3.46E-6;ucsc;chr1;1;217349938;217349938;217349938;217349938;217349938;0.065;0.991;0.992;0.534;0;chr1;217349938;217349938
56;rs7894217;A/G;1.9990000000000003;4.050000000000001E-6;ucsc;chr10;10;108778135;108778135;108778135;108778135;108778135;0.15;0.0019;0.0019;0.8730000000000001;0;chr10;108778135;108778135
57;rs13374435;G/A;1.348;4.25E-6;ucsc;chr1;1;240055416;240004216;240055416;240055416;240055416;0.065;0.00746;0.00754;0.905;0;chr1;240055416;240055416
58;rs2798282;A/G;0.953;4.35E-6;ucsc;chr4;4;3029916;2839916;3254916;3029916;3242916;0.01;0.282;0.285;0.8980000000000001;0;chr4;3029916;3242916
59;rs115193644;A/G;1.106;4.36E-6;ucsc;chr6;6;6434595;6374895;6450295;6381795;6441395;0.021999999999999995;0.04370000000000001;0.0417;0.978;0;chr6;6381795;6441395
60;rs4901060;T/C;0.932;4.449999999999999E-6;ucsc;chr14;14;51314737;51269237;51314737;51314737;51314737;0.015;0.9060000000000001;0.908;0.956;8;chr14;51314737;51314737
61;rs6703769;A/G;0.9439999999999998;4.47E-6;ucsc;chr1;1;177488616;177459016;177622616;177488616;177587016;0.013;0.133;0.137;0.968;1;chr1;177488616;177587016
62;rs79395409;A/G;0.893;4.52E-6;ucsc;chr21;21;28100624;28097104;28100624;28097104;28100624;0.025;0.956;0.961;0.7;1;chr21;28097104;28100624
63;rs147841215;A/G;3.637999999999999;4.769999999999999E-6;ucsc;chr13;13;69813047;69813047;69813047;69813047;69813047;0.282;5.01E-4;5.01E-4;0.91;0;chr13;69813047;69813047
64;rs4680975;T/C;0.897;4.8200000000000004E-6;ucsc;chr3;3;78168729;78016729;78179529;78168729;78179529;0.024;0.959;0.959;0.8789999999999999;0;chr3;78168729;78179529
65;rs12865447;T/C;0.958;4.840000000000001E-6;ucsc;chr13;13;75967082;75931982;76022882;75967082;75978882;0.009;0.31;0.336;0.9789999999999999;2;chr13;75967082;75978882
66;rs191368953;T/C;1.231;4.89E-6;ucsc;chr8;8;99807124;99359124;99807124;99807124;99807124;0.045;0.013599999999999998;0.013599999999999998;0.695;0;chr8;99807124;99807124
67;chr3_49478988_D;I2/D;1.059;5.12E-6;ucsc;chr3;3;49478988;49215988;49842988;49432488;49637988;0.013;0.679;0.6680000000000001;0.9730000000000002;0;chr3;49432488;49637988
68;rs12367108;A/G;0.89;5.13E-6;ucsc;chr12;12;75710362;75610362;75966362;75710362;75913362;0.026;0.951;0.953;0.6480000000000001;4;chr12;75710362;75913362
69;rs183306040;C/G;1.435;5.26E-6;ucsc;chr5;5;140933810;140893910;140974310;140933810;140974310;0.079;0.9939999999999999;0.993;0.77;0;chr5;140933810;140974310
70;chr4_7617497_D;I2/D;1.0649999999999997;5.3500000000000004E-6;ucsc;chr4;4;7617497;7537597;7629197;7612777;7620677;0.014000000000000002;0.735;0.733;0.8880000000000001;0;chr4;7612777;7620677
71;rs141797054;A/G;3.432;5.44E-6;ucsc;chr4;4;105881982;105881982;105881982;105881982;105881982;0.271;9.2E-4;9.2E-4;0.718;0;chr4;105881982;105881982
72;rs34204032;A/C;1.045;5.500000000000001E-6;ucsc;chr18;18;31353995;31303595;31418095;31304995;31418095;0.01;0.358;0.3509999999999999;0.905;0;chr18;31304995;31418095
73;rs111336625;T/C;0.941;5.630000000000001E-6;ucsc;chr9;9;98297187;98186187;98314387;98210987;98314287;0.014000000000000002;0.8789999999999999;0.89;0.968;1;chr9;98210987;98314287
74;rs12504682;A/G;1.052;5.75E-6;ucsc;chr4;4;7541147;7541147;7542507;7541147;7541996;0.010999999999999998;0.733;0.73;0.799;1;chr4;7541147;7541996
75;rs143029035;T/C;1.367;5.760000000000001E-6;ucsc;chr9;9;37661609;37661609;37725509;37661609;37725509;0.069;0.0075;0.006760000000000001;0.745;0;chr9;37661609;37725509
76;rs138526335;T/C;2.208;5.77E-6;ucsc;chr11;11;106899460;106899460;106899460;106899460;106899460;0.175;0.0016999999999999997;0.0016999999999999997;0.7139999999999999;0;chr11;106899460;106899460
77;rs116039792;G/A;4.695999999999999;5.84E-6;ucsc;chr3;3;112148394;112148394;112148394;112148394;112148394;0.341;4.5300000000000006E-4;4.5300000000000006E-4;0.647;0;chr3;112148394;112148394
78;rs191815841;T/C;2.052;5.869999999999998E-6;ucsc;chr11;11;101114526;101114526;101114526;101114526;101114526;0.159;0.00549;0.00337;0.597;0;chr11;101114526;101114526
79;rs115390388;C/G;0.7069999999999999;5.88E-6;ucsc;chr5;5;137141934;137141934;137141934;137141934;137141934;0.077;0.9939999999999999;0.995;0.601;0;chr5;137141934;137141934
80;rs189563253;C/T;5.676;6.05E-6;ucsc;chr10;10;112665723;112665723;112665723;112665723;112665723;0.384;9.5E-4;9.5E-4;0.303;0;chr10;112665723;112665723
81;rs9527368;T/G;1.05;6.06E-6;ucsc;chr13;13;55926163;55634163;56141163;55926163;55926163;0.010999999999999998;0.362;0.353;0.7439999999999999;0;chr13;55926163;55926163
82;chr12_66377278_D;I2/D;0.845;6.1799999999999984E-6;ucsc;chr12;12;66377278;66377278;66377278;66377278;66377278;0.037;0.956;0.96;0.597;0;chr12;66377278;66377278
83;rs142816372;T/C;1.047;6.29E-6;ucsc;chr7;7;36755111;36729911;36758241;36755111;36755111;0.01;0.605;0.603;0.783;0;chr7;36755111;36755111
84;rs78273056;T/C;0.9360000000000002;6.34E-6;ucsc;chr7;7;54662661;54391661;54662661;54620261;54662661;0.015;0.886;0.889;0.93;2;chr7;54620261;54662661
85;rs77920955;A/G;1.136;6.46E-6;ucsc;chr18;18;11893856;11892860;11900436;11892860;11896396;0.028000000000000004;0.0279;0.0208;0.964;1;chr18;11892860;11896396
86;rs78582060;A/G;0.785;6.4800000000000015E-6;ucsc;chr6;6;68719685;68557685;69330685;68634385;68780285;0.054;0.992;0.993;0.804;1;chr6;68634385;68780285
87;rs28635163;A/G;1.3529999999999998;6.75E-6;ucsc;chr4;4;126480595;126480595;126480595;126480595;126480595;0.067;0.017799999999999996;0.0156;0.432;0;chr4;126480595;126480595
88;rs77017895;A/G;1.912;6.7899999999999985E-6;ucsc;chr11;11;125924137;125924137;125924137;125924137;125924137;0.144;0.00299;0.00299;0.73;0;chr11;125924137;125924137
89;rs12266445;C/T;1.9379999999999995;6.9E-6;ucsc;chr10;10;108772687;108772687;108772687;108772687;108772687;0.147;0.0019799999999999996;0.0019799999999999996;0.885;0;chr10;108772687;108772687
90;rs2536951;A/G;0.957;6.930000000000001E-6;ucsc;chr9;9;126646519;126338519;126703719;126452519;126703719;0.01;0.7560000000000001;0.7560000000000001;0.9980000000000001;4;chr9;126452519;126703719
91;rs7896584;A/T;1.932;6.95E-6;ucsc;chr10;10;108774557;108774557;108774557;108774557;108774557;0.147;0.0019799999999999996;0.0019799999999999996;0.891;0;chr10;108774557;108774557
92;rs524335;C/G;2.544;7.09E-6;ucsc;chr4;4;179055425;179055425;179055425;179055425;179055425;0.208;8.94E-4;8.94E-4;0.843;0;chr4;179055425;179055425
93;chr14_88973392_I;I2/D;1.11;7.54E-6;ucsc;chr14;14;88973392;88973392;89066892;88973392;88973392;0.023;0.0814;0.078;0.839;0;chr14;88973392;88973392
94;chr4_2630577_D;D/I4;0.9399999999999998;7.629999999999998E-6;ucsc;chr4;4;2630577;2598477;2707177;2598477;2702777;0.014000000000000002;0.288;0.299;0.842;0;chr4;2598477;2702777
95;rs140217345;A/G;0.778;7.82E-6;ucsc;chr8;8;12816109;12816109;12969109;12816109;12969109;0.05600000000000001;0.993;0.9939999999999999;0.884;0;chr8;12816109;12969109
96;rs180804369;A/C;2.118;7.84E-6;ucsc;chr11;11;106926749;106926749;106926749;106926749;106926749;0.168;0.00216;0.00216;0.611;0;chr11;106926749;106926749
97;rs140584400;G/A;3.469;7.85E-6;ucsc;chr13;13;69791876;69791876;69791876;69791876;69791876;0.278;4.91E-4;4.91E-4;0.9689999999999999;0;chr13;69791876;69791876
98;rs141897976;G/A;2.1490000000000005;7.870000000000001E-6;ucsc;chr11;11;106882226;106882226;106882226;106882226;106882226;0.171;0.0020300000000000006;0.0020300000000000006;0.628;0;chr11;106882226;106882226
99;rs76793464;A/G;1.079;7.890000000000002E-6;ucsc;chr17;17;55506670;55491770;55527670;55501390;55507059;0.017;0.07610000000000001;0.0736;0.967;0;chr17;55501390;55507059
100;chr14_41595593_I;I2/D;0.9469999999999998;7.960000000000002E-6;ucsc;chr14;14;41595593;41307593;41595593;41576193;41595593;0.012;0.396;0.41;0.964;0;chr14;41576193;41595593
101;rs145653835;A/G;2.177;8.04E-6;ucsc;chr11;11;106873101;106873101;106873101;106873101;106873101;0.174;0.0016999999999999997;0.0016999999999999997;0.721;0;chr11;106873101;106873101
102;rs80267832;T/G;1.135;8.260000000000002E-6;ucsc;chr18;18;24987480;24987480;24987480;24987480;24987480;0.028000000000000004;0.0429;0.0421;0.609;1;chr18;24987480;24987480
103;rs143009073;A/C;1.4960000000000004;8.469999999999999E-6;ucsc;chr9;9;19679734;19679734;19681744;19679734;19680944;0.09;0.00897;0.008730000000000002;0.508;0;chr9;19679734;19680944
104;rs4735241;A/G;1.044;8.480000000000002E-6;ucsc;chr8;8;94845898;94703898;94908598;94749898;94852958;0.01;0.515;0.51;0.861;0;chr8;94749898;94852958
105;rs12716953;A/G;1.041;8.5E-6;ucsc;chr16;16;82847987;82781687;82848277;82847987;82847987;0.009;0.342;0.345;0.9519999999999998;9;chr16;82847987;82847987
106;rs111449092;T/C;1.075;8.53E-6;ucsc;chr13;13;114753747;114628747;114840947;114753747;114753747;0.016;0.174;0.17599999999999996;0.515;0;chr13;114753747;114753747
107;chr10_59313357_D;D/I3;0.782;8.64E-6;ucsc;chr10;10;59313357;59313357;59313357;59313357;59313357;0.055;0.0184;0.0211;0.626;0;chr10;59313357;59313357
108;rs80232983;C/A;1.435;8.789999999999999E-6;ucsc;chr18;18;54252363;54252363;54252363;54252363;54252363;0.08100000000000002;0.0116;0.00387;0.8019999999999998;1;chr18;54252363;54252363
109;rs74730645;G/A;1.435;8.830000000000002E-6;ucsc;chr18;18;54251700;54251700;54251700;54251700;54251700;0.08100000000000002;0.0116;0.00387;0.795;1;chr18;54251700;54251700
110;rs75163626;G/C;4.875;8.899999999999998E-6;ucsc;chr13;13;79381162;79381162;79381162;79381162;79381162;0.35699999999999993;9.719999999999999E-4;9.719999999999999E-4;0.348;0;chr13;79381162;79381162
111;rs79639922;G/C;1.435;8.94E-6;ucsc;chr18;18;54256764;54256764;54256764;54256764;54256764;0.08100000000000002;0.0116;0.00386;0.8189999999999998;1;chr18;54256764;54256764
112;chr10_68675469_D;D/I3;0.6860000000000002;9.12E-6;ucsc;chr10;10;68675469;68675469;68675469;68675469;68675469;0.085;0.00742;0.008710000000000002;0.658;0;chr10;68675469;68675469
113;rs73836013;G/A;3.107;9.28E-6;ucsc;chr4;4;106051335;106051335;106051335;106051335;106051335;0.256;7.600000000000002E-4;7.600000000000002E-4;0.845;0;chr4;106051335;106051335
114;rs11245283;C/G;1.114;9.460000000000001E-6;ucsc;chr10;10;126236663;126236419;126252063;126236663;126236663;0.024;0.951;0.9629999999999999;0.6560000000000001;1;chr10;126236663;126236663
115;rs10147908;A/G;0.9539999999999998;9.480000000000002E-6;ucsc;chr14;14;35862732;35581732;35864882;35862732;35864882;0.010999999999999998;0.216;0.23499999999999996;0.945;1;chr14;35862732;35864882
116;rs4073731;T/C;0.95;9.66E-6;ucsc;chr11;11;132663147;132621947;132715847;132655557;132663620;0.012;0.209;0.17799999999999996;0.9769999999999999;1;chr11;132655557;132663620
117;rs142898448;G/A;1.7760000000000005;9.69E-6;ucsc;chr1;1;192525745;192525745;192525745;192525745;192525745;0.13;0.00533;0.004740000000000001;0.487;0;chr1;192525745;192525745
118;rs116611709;A/G;3.395;9.850000000000002E-6;ucsc;chr13;13;69841762;69841762;69841762;69841762;69841762;0.277;8.499999999999998E-4;8.499999999999998E-4;0.567;0;chr13;69841762;69841762
119;rs4763026;A/C;0.9469999999999998;9.870000000000002E-6;ucsc;chr12;12;63088455;63065155;63106755;63065155;63105755;0.012;0.143;0.135;0.993;22;chr12;63065155;63105755
120;rs9973359;C/G;1.268;9.93E-6;ucsc;chr2;2;46867584;46867584;46867585;46867584;46867585;0.054;0.0123;0.0128;0.533;0;chr2;46867584;46867585
121;rs190365624;T/C;1.3;1.0E-5;ucsc;chr19;19;48363770;48363770;48363770;48363770;48363770;0.05899999999999998;0.011100000000000002;0.0103;0.514;0;chr19;48363770;48363770
